<?xml version="1.0"?>
<Locations >
  <Project>
    <vfs_file>C:\Data\2015\15RTP\mine_case_study\mine_case_study\mine12.gpr</vfs_file>
    <file_marker column=" 1" line=" 25" >
      <vfs_file>C:\Data\2015\15RTP\mine_case_study\mine_case_study\pump-motor.adb</vfs_file>
    </file_marker>
    <file_marker column=" 1" line=" 1" >
      <vfs_file>C:\Data\2015\15RTP\mine_case_study\mine_case_study\mine_main.adb</vfs_file>
    </file_marker>
    <file_marker column=" 1" line=" 1" >
      <vfs_file>C:\Data\2015\15RTP\mine_case_study\mine_case_study\operator_console.ads</vfs_file>
    </file_marker>
    <file_marker column=" 1" line=" 1" >
      <vfs_file>C:\Data\2015\15RTP\mine_case_study\mine_case_study\operator_console.adb</vfs_file>
    </file_marker>
    <file_marker column=" 1" line=" 1" >
      <vfs_file>C:\Data\2015\15RTP\mine_case_study\mine_case_study\env-ch4_status.ads</vfs_file>
    </file_marker>
    <file_marker column=" 1" line=" 1" >
      <vfs_file>C:\Data\2015\15RTP\mine_case_study\mine_case_study\pump-motor.ads</vfs_file>
    </file_marker>
    <file_marker column=" 1" line=" 6" >
      <vfs_file>C:\Data\2015\15RTP\mine_case_study\mine_case_study\pump.ads</vfs_file>
    </file_marker>
    <file_marker column=" 1" line=" 1" >
      <vfs_file>C:\Data\2015\15RTP\mine_case_study\mine_case_study\operator_console.adb</vfs_file>
    </file_marker>
    <file_marker column=" 1" line=" 1" >
      <vfs_file>C:\Data\2015\15RTP\mine_case_study\mine_case_study\pump-hlw_handler.adb</vfs_file>
    </file_marker>
    <file_marker column=" 1" line=" 1" >
      <vfs_file>C:\Data\2015\15RTP\mine_case_study\mine_case_study\pump-motor.adb</vfs_file>
    </file_marker>
    <file_marker column=" 1" line=" 1" >
      <vfs_file>C:\Data\2015\15RTP\mine_case_study\mine_case_study\pump-hlw_handler.adb</vfs_file>
    </file_marker>
    <file_marker column=" 1" line=" 1" >
      <vfs_file>C:\Data\2015\15RTP\mine_case_study\mine_case_study\env-ch4_sensor.adb</vfs_file>
    </file_marker>
    <file_marker column=" 1" line=" 1" >
      <vfs_file>C:\Data\2015\15RTP\mine_case_study\mine_case_study\pump-motor.adb</vfs_file>
    </file_marker>
    <file_marker column=" 1" line=" 1" >
      <vfs_file>C:\Data\2015\15RTP\mine_case_study\mine_case_study\env-air_flow_sensor.adb</vfs_file>
    </file_marker>
    <file_marker column=" 1" line=" 1" >
      <vfs_file>C:\Data\2015\15RTP\mine_case_study\mine_case_study\env-co_sensor.adb</vfs_file>
    </file_marker>
    <file_marker current="true" column=" 1" line=" 1" >
      <vfs_file>C:\Data\2015\15RTP\mine_case_study\mine_case_study\pump-water_flow_sensor.adb</vfs_file>
    </file_marker>
  </Project>
  <Project >
    <file_marker column=" 1" line=" 25">
      <vfs_file >C:\Data\2015\15RTP\mine_case_study\mine_case_study\pump-motor.adb</vfs_file>
    </file_marker>
    <file_marker column=" 1" line=" 1">
      <vfs_file >C:\Data\2015\15RTP\mine_case_study\mine_case_study\mine_main.adb</vfs_file>
    </file_marker>
    <file_marker column=" 1" line=" 1">
      <vfs_file >C:\Data\2015\15RTP\mine_case_study\mine_case_study\operator_console.ads</vfs_file>
    </file_marker>
    <file_marker column=" 1" line=" 1">
      <vfs_file >C:\Data\2015\15RTP\mine_case_study\mine_case_study\operator_console.adb</vfs_file>
    </file_marker>
    <file_marker column=" 1" line=" 1">
      <vfs_file >C:\Data\2015\15RTP\mine_case_study\mine_case_study\env-ch4_status.ads</vfs_file>
    </file_marker>
    <file_marker column=" 1" line=" 1">
      <vfs_file >C:\Data\2015\15RTP\mine_case_study\mine_case_study\pump-motor.ads</vfs_file>
    </file_marker>
    <file_marker current="true" column=" 1" line=" 6">
      <vfs_file >C:\Data\2015\15RTP\mine_case_study\mine_case_study\pump.ads</vfs_file>
    </file_marker>
  </Project>
  <Project >
    <vfs_file  />
    <file_marker current="true" column=" 1" line=" 1">
      <vfs_file >C:\Data\2015\15RTP\mine_case_study\mine_case_study\pump-motor.adb</vfs_file>
    </file_marker>
  </Project>
</Locations>
